"id","city_name"
"1","Adilabad"
"2","Agra"
"3","Ahmedabad"
"4","Ahmednagar"
"5","Aizawl"
"6","Ajitgarh (Mohali)"
"7","Ajmer"
"8","Akola"
"9","Alappuzha"
"10","Aligarh"
"11","Alirajpur"
"12","Allahabad"
"13","Almora"
"14","Alwar"
"15","Ambala"
"16","Ambedkar Nagar"
"17","Amravati"
"18","Amreli district"
"19","Amritsar"
"20","Anand"
"21","Anantapur"
"22","Anantnag"
"23","Angul"
"24","Anjaw"
"25","Anuppur"
"26","Araria"
"27","Ariyalur"
"28","Arwal"
"29","Ashok Nagar"
"30","Auraiya"
"31","Aurangabad"
"32","Aurangabad"
"33","Azamgarh"
"34","Badgam"
"35","Bagalkot"
"36","Bageshwar"
"37","Bagpat"
"38","Bahraich"
"39","Baksa"
"40","Balaghat"
"41","Balangir"
"42","Balasore"
"43","Ballia"
"44","Balrampur"
"45","Banaskantha"
"46","Banda"
"47","Bandipora"
"48","Bangalore Rural"
"49","Bangalore Urban"
"50","Banka"
"51","Bankura"
"52","Banswara"
"53","Barabanki"
"54","Baramulla"
"55","Baran"
"56","Bardhaman"
"57","Bareilly"
"58","Bargarh (Baragarh)"
"59","Barmer"
"60","Barnala"
"61","Barpeta"
"62","Barwani"
"63","Bastar"
"64","Basti"
"65","Bathinda"
"66","Beed"
"67","Begusarai"
"68","Belgaum"
"69","Bellary"
"70","Betul"
"71","Bhadrak"
"72","Bhagalpur"
"73","Bhandara"
"74","Bharatpur"
"75","Bharuch"
"76","Bhavnagar"
"77","Bhilwara"
"78","Bhind"
"79","Bhiwani"
"80","Bhojpur"
"81","Bhopal"
"82","Bidar"
"83","Bijapur"
"84","Bijapur"
"85","Bijnor"
"86","Bikaner"
"87","Bilaspur"
"88","Bilaspur"
"89","Birbhum"
"90","Bishnupur"
"91","Bokaro"
"92","Bongaigaon"
"93","Boudh (Bauda)"
"94","Budaun"
"95","Bulandshahr"
"96","Buldhana"
"97","Bundi"
"98","Burhanpur"
"99","Buxar"
"100","Cachar"
"101","Central Delhi"
"102","Chamarajnagar"
"103","Chamba"
"104","Chamoli"
"105","Champawat"
"106","Champhai"
"107","Chandauli"
"108","Chandel"
"109","Chandigarh"
"110","Chandrapur"
"111","Changlang"
"112","Chatra"
"113","Chennai"
"114","Chhatarpur"
"115","Chhatrapati Shahuji Maharaj Nagar"
"116","Chhindwara"
"117","Chikkaballapur"
"118","Chikkamagaluru"
"119","Chirang"
"120","Chitradurga"
"121","Chitrakoot"
"122","Chittoor"
"123","Chittorgarh"
"124","Churachandpur"
"125","Churu"
"126","Coimbatore"
"127","Cooch Behar"
"128","Cuddalore"
"129","Cuttack"
"130","Dadra and Nagar Haveli"
"131","Dahod"
"132","Dakshin Dinajpur"
"133","Dakshina Kannada"
"134","Daman"
"135","Damoh"
"136","Dantewada"
"137","Darbhanga"
"138","Darjeeling"
"139","Darrang"
"140","Datia"
"141","Dausa"
"142","Davanagere"
"143","Debagarh (Deogarh)"
"144","Dehradun"
"145","Deoghar"
"146","Deoria"
"147","Dewas"
"148","Dhalai"
"149","Dhamtari"
"150","Dhanbad"
"151","Dhar"
"152","Dharmapuri"
"153","Dharwad"
"154","Dhemaji"
"155","Dhenkanal"
"156","Dholpur"
"157","Dhubri"
"158","Dhule"
"159","Dibang Valley"
"160","Dibrugarh"
"161","Dima Hasao"
"162","Dimapur"
"163","Dindigul"
"164","Dindori"
"165","Diu"
"166","Doda"
"167","Dumka"
"168","Dungapur"
"169","Durg"
"170","East Champaran"
"171","East Delhi"
"172","East Garo Hills"
"173","East Khasi Hills"
"174","East Siang"
"175","East Sikkim"
"176","East Singhbhum"
"177","Eluru"
"178","Ernakulam"
"179","Erode"
"180","Etah"
"181","Etawah"
"182","Faizabad"
"183","Faridabad"
"184","Faridkot"
"185","Farrukhabad"
"186","Fatehabad"
"187","Fatehgarh Sahib"
"188","Fatehpur"
"189","Fazilka"
"190","Firozabad"
"191","Firozpur"
"192","Gadag"
"193","Gadchiroli"
"194","Gajapati"
"195","Ganderbal"
"196","Gandhinagar"
"197","Ganganagar"
"198","Ganjam"
"199","Garhwa"
"200","Gautam Buddh Nagar"
"201","Gaya"
"202","Ghaziabad"
"203","Ghazipur"
"204","Giridih"
"205","Goalpara"
"206","Godda"
"207","Golaghat"
"208","Gonda"
"209","Gondia"
"210","Gopalganj"
"211","Gorakhpur"
"212","Gulbarga"
"213","Gumla"
"214","Guna"
"215","Guntur"
"216","Gurdaspur"
"217","Gurgaon"
"218","Gwalior"
"219","Hailakandi"
"220","Hamirpur"
"221","Hamirpur"
"222","Hanumangarh"
"223","Harda"
"224","Hardoi"
"225","Haridwar"
"226","Hassan"
"227","Haveri district"
"228","Hazaribag"
"229","Hingoli"
"230","Hissar"
"231","Hooghly"
"232","Hoshangabad"
"233","Hoshiarpur"
"234","Howrah"
"235","Hyderabad"
"236","Hyderabad"
"237","Idukki"
"238","Imphal East"
"239","Imphal West"
"240","Indore"
"241","Jabalpur"
"242","Jagatsinghpur"
"243","Jaintia Hills"
"244","Jaipur"
"245","Jaisalmer"
"246","Jajpur"
"247","Jalandhar"
"248","Jalaun"
"249","Jalgaon"
"250","Jalna"
"251","Jalore"
"252","Jalpaiguri"
"253","Jammu"
"254","Jamnagar"
"255","Jamtara"
"256","Jamui"
"257","Janjgir-Champa"
"258","Jashpur"
"259","Jaunpur district"
"260","Jehanabad"
"261","Jhabua"
"262","Jhajjar"
"263","Jhalawar"
"264","Jhansi"
"265","Jharsuguda"
"266","Jhunjhunu"
"267","Jind"
"268","Jodhpur"
"269","Jorhat"
"270","Junagadh"
"271","Jyotiba Phule Nagar"
"272","Kabirdham (formerly Kawardha)"
"273","Kadapa"
"274","Kaimur"
"275","Kaithal"
"276","Kakinada"
"277","Kalahandi"
"278","Kamrup"
"279","Kamrup Metropolitan"
"280","Kanchipuram"
"281","Kandhamal"
"282","Kangra"
"283","Kanker"
"284","Kannauj"
"285","Kannur"
"286","Kanpur"
"287","Kanshi Ram Nagar"
"288","Kanyakumari"
"289","Kapurthala"
"290","Karaikal"
"291","Karauli"
"292","Karbi Anglong"
"293","Kargil"
"294","Karimganj"
"295","Karimnagar"
"296","Karnal"
"297","Karur"
"298","Kasaragod"
"299","Kathua"
"300","Katihar"
"301","Katni"
"302","Kaushambi"
"303","Kendrapara"
"304","Kendujhar (Keonjhar)"
"305","Khagaria"
"306","Khammam"
"307","Khandwa (East Nimar)"
"308","Khargone (West Nimar)"
"309","Kheda"
"310","Khordha"
"311","Khowai"
"312","Khunti"
"313","Kinnaur"
"314","Kishanganj"
"315","Kishtwar"
"316","Kodagu"
"317","Koderma"
"318","Kohima"
"319","Kokrajhar"
"320","Kolar"
"321","Kolasib"
"322","Kolhapur"
"323","Kolkata"
"324","Kollam"
"325","Koppal"
"326","Koraput"
"327","Korba"
"328","Koriya"
"329","Kota"
"330","Kottayam"
"331","Kozhikode"
"332","Krishna"
"333","Kulgam"
"334","Kullu"
"335","Kupwara"
"336","Kurnool"
"337","Kurukshetra"
"338","Kurung Kumey"
"339","Kushinagar"
"340","Kutch"
"341","Lahaul and Spiti"
"342","Lakhimpur"
"343","Lakhimpur Kheri"
"344","Lakhisarai"
"345","Lalitpur"
"346","Latehar"
"347","Latur"
"348","Lawngtlai"
"349","Leh"
"350","Lohardaga"
"351","Lohit"
"352","Lower Dibang Valley"
"353","Lower Subansiri"
"354","Lucknow"
"355","Ludhiana"
"356","Lunglei"
"357","Madhepura"
"358","Madhubani"
"359","Madurai"
"360","Mahamaya Nagar"
"361","Maharajganj"
"362","Mahasamund"
"363","Mahbubnagar"
"364","Mahe"
"365","Mahendragarh"
"366","Mahoba"
"367","Mainpuri"
"368","Malappuram"
"369","Maldah"
"370","Malkangiri"
"371","Mamit"
"372","Mandi"
"373","Mandla"
"374","Mandsaur"
"375","Mandya"
"376","Mansa"
"377","Marigaon"
"378","Mathura"
"379","Mau"
"380","Mayurbhanj"
"381","Medak"
"382","Meerut"
"383","Mehsana"
"384","Mewat"
"385","Mirzapur"
"386","Moga"
"387","Mokokchung"
"388","Mon"
"389","Moradabad"
"390","Morena"
"391","Mumbai City"
"392","Mumbai suburban"
"393","Munger"
"394","Murshidabad"
"395","Muzaffarnagar"
"396","Muzaffarpur"
"397","Mysore"
"398","Nabarangpur"
"399","Nadia"
"400","Nagaon"
"401","Nagapattinam"
"402","Nagaur"
"403","Nagpur"
"404","Nainital"
"405","Nalanda"
"406","Nalbari"
"407","Nalgonda"
"408","Namakkal"
"409","Nanded"
"410","Nandurbar"
"411","Narayanpur"
"412","Narmada"
"413","Narsinghpur"
"414","Nashik"
"415","Navsari"
"416","Nawada"
"417","Nawanshahr"
"418","Nayagarh"
"419","Neemuch"
"420","Nellore"
"421","New Delhi"
"422","Nilgiris"
"423","Nizamabad"
"424","North 24 Parganas"
"425","North Delhi"
"426","North East Delhi"
"427","North Goa"
"428","North Sikkim"
"429","North Tripura"
"430","North West Delhi"
"431","Nuapada"
"432","Ongole"
"433","Osmanabad"
"434","Pakur"
"435","Palakkad"
"436","Palamu"
"437","Pali"
"438","Palwal"
"439","Panchkula"
"440","Panchmahal"
"441","Panchsheel Nagar district (Hapur)"
"442","Panipat"
"443","Panna"
"444","Papum Pare"
"445","Parbhani"
"446","Paschim Medinipur"
"447","Patan"
"448","Pathanamthitta"
"449","Pathankot"
"450","Patiala"
"451","Patna"
"452","Pauri Garhwal"
"453","Perambalur"
"454","Phek"
"455","Pilibhit"
"456","Pithoragarh"
"457","Pondicherry"
"458","Poonch"
"459","Porbandar"
"460","Pratapgarh"
"461","Pratapgarh"
"462","Pudukkottai"
"463","Pulwama"
"464","Pune"
"465","Purba Medinipur"
"466","Puri"
"467","Purnia"
"468","Purulia"
"469","Raebareli"
"470","Raichur"
"471","Raigad"
"472","Raigarh"
"473","Raipur"
"474","Raisen"
"475","Rajauri"
"476","Rajgarh"
"477","Rajkot"
"478","Rajnandgaon"
"479","Rajsamand"
"480","Ramabai Nagar (Kanpur Dehat)"
"481","Ramanagara"
"482","Ramanathapuram"
"483","Ramban"
"484","Ramgarh"
"485","Rampur"
"486","Ranchi"
"487","Ratlam"
"488","Ratnagiri"
"489","Rayagada"
"490","Reasi"
"491","Rewa"
"492","Rewari"
"493","Ri Bhoi"
"494","Rohtak"
"495","Rohtas"
"496","Rudraprayag"
"497","Rupnagar"
"498","Sabarkantha"
"499","Sagar"
"500","Saharanpur"
"501","Saharsa"
"502","Sahibganj"
"503","Saiha"
"504","Salem"
"505","Samastipur"
"506","Samba"
"507","Sambalpur"
"508","Sangli"
"509","Sangrur"
"510","Sant Kabir Nagar"
"511","Sant Ravidas Nagar"
"512","Saran"
"513","Satara"
"514","Satna"
"515","Sawai Madhopur"
"516","Sehore"
"517","Senapati"
"518","Seoni"
"519","Seraikela Kharsawan"
"520","Serchhip"
"521","Shahdol"
"522","Shahjahanpur"
"523","Shajapur"
"524","Shamli"
"525","Sheikhpura"
"526","Sheohar"
"527","Sheopur"
"528","Shimla"
"529","Shimoga"
"530","Shivpuri"
"531","Shopian"
"532","Shravasti"
"533","Sibsagar"
"534","Siddharthnagar"
"535","Sidhi"
"536","Sikar"
"537","Simdega"
"538","Sindhudurg"
"539","Singrauli"
"540","Sirmaur"
"541","Sirohi"
"542","Sirsa"
"543","Sitamarhi"
"544","Sitapur"
"545","Sivaganga"
"546","Siwan"
"547","Solan"
"548","Solapur"
"549","Sonbhadra"
"550","Sonipat"
"551","Sonitpur"
"552","South 24 Parganas"
"553","South Delhi"
"554","South Garo Hills"
"555","South Goa"
"556","South Sikkim"
"557","South Tripura"
"558","South West Delhi"
"559","Sri Muktsar Sahib"
"560","Srikakulam"
"561","Srinagar"
"562","Subarnapur (Sonepur)"
"563","Sultanpur"
"564","Sundergarh"
"565","Supaul"
"566","Surat"
"567","Surendranagar"
"568","Surguja"
"569","Tamenglong"
"570","Tarn Taran"
"571","Tawang"
"572","Tehri Garhwal"
"573","Thane"
"574","Thanjavur"
"575","The Dangs"
"576","Theni"
"577","Thiruvananthapuram"
"578","Thoothukudi"
"579","Thoubal"
"580","Thrissur"
"581","Tikamgarh"
"582","Tinsukia"
"583","Tirap"
"584","Tiruchirappalli"
"585","Tirunelveli"
"586","Tirupur"
"587","Tiruvallur"
"588","Tiruvannamalai"
"589","Tiruvarur"
"590","Tonk"
"591","Tuensang"
"592","Tumkur"
"593","Udaipur"
"594","Udalguri"
"595","Udham Singh Nagar"
"596","Udhampur"
"597","Udupi"
"598","Ujjain"
"599","Ukhrul"
"600","Umaria"
"601","Una"
"602","Unnao"
"603","Upper Siang"
"604","Upper Subansiri"
"605","Uttar Dinajpur"
"606","Uttara Kannada"
"607","Uttarkashi"
"608","Vadodara"
"609","Vaishali"
"610","Valsad"
"611","Varanasi"
"612","Vellore"
"613","Vidisha"
"614","Viluppuram"
"615","Virudhunagar"
"616","Visakhapatnam"
"617","Vizianagaram"
"618","Vyara"
"619","Warangal"
"620","Wardha"
"621","Washim"
"622","Wayanad"
"623","West Champaran"
"624","West Delhi"
"625","West Garo Hills"
"626","West Kameng"
"627","West Khasi Hills"
"628","West Siang"
"629","West Sikkim"
"630","West Singhbhum"
"631","West Tripura"
"632","Wokha"
"633","Yadgir"
"634","Yamuna Nagar"
"635","Yanam"
"636","Yavatmal"
"637","Zunheboto"
"id","country_name"
"1","value"
"2","Afghanistan"
"3","Åland Islands"
"4","Albania"
"5","Algeria"
"6","American Samoa"
"7","Andorra"
"8","Angola"
"9","Anguilla"
"10","Antarctica"
"11","Antigua & Barbuda"
"12","Argentina"
"13","Armenia"
"14","Aruba"
"15","Australia"
"16","Austria"
"17","Azerbaijan"
"18","Bahamas"
"19","Bahrain"
"20","Bangladesh"
"21","Barbados"
"22","Belarus"
"23","Belgium"
"24","Belize"
"25","Benin"
"26","Bermuda"
"27","Bhutan"
"28","Bolivia"
"29","Bosnia & Herzegovina"
"30","Botswana"
"31","Bouvet Island"
"32","Brazil"
"33","British Indian Ocean Territory"
"34","British Virgin Islands"
"35","Brunei"
"36","Bulgaria"
"37","Burkina Faso"
"38","Burundi"
"39","Cambodia"
"40","Cameroon"
"41","Canada"
"42","Cape Verde"
"43","Caribbean Netherlands"
"44","Cayman Islands"
"45","Central African Republic"
"46","Chad"
"47","Chile"
"48","China"
"49","Christmas Island"
"50","Cocos (Keeling) Islands"
"51","Colombia"
"52","Comoros"
"53","Congo - Brazzaville"
"54","Congo - Kinshasa"
"55","Cook Islands"
"56","Costa Rica"
"57","Côte d’Ivoire"
"58","Croatia"
"59","Cuba"
"60","Curaçao"
"61","Cyprus"
"62","Czechia"
"63","Denmark"
"64","Djibouti"
"65","Dominica"
"66","Dominican Republic"
"67","Ecuador"
"68","Egypt"
"69","El Salvador"
"70","Equatorial Guinea"
"71","Eritrea"
"72","Estonia"
"73","Eswatini"
"74","Ethiopia"
"75","Falkland Islands"
"76","Faroe Islands"
"77","Fiji"
"78","Finland"
"79","France"
"80","French Guiana"
"81","French Polynesia"
"82","French Southern Territories"
"83","Gabon"
"84","Gambia"
"85","Georgia"
"86","Germany"
"87","Ghana"
"88","Gibraltar"
"89","Greece"
"90","Greenland"
"91","Grenada"
"92","Guadeloupe"
"93","Guam"
"94","Guatemala"
"95","Guernsey"
"96","Guinea"
"97","Guinea-Bissau"
"98","Guyana"
"99","Haiti"
"100","Heard & McDonald Islands"
"101","Honduras"
"102","Hong Kong SAR China"
"103","Hungary"
"104","Iceland"
"105","India"
"106","Indonesia"
"107","Iran"
"108","Iraq"
"109","Ireland"
"110","Isle of Man"
"111","Israel"
"112","Italy"
"113","Jamaica"
"114","Japan"
"115","Jersey"
"116","Jordan"
"117","Kazakhstan"
"118","Kenya"
"119","Kiribati"
"120","Kuwait"
"121","Kyrgyzstan"
"122","Laos"
"123","Latvia"
"124","Lebanon"
"125","Lesotho"
"126","Liberia"
"127","Libya"
"128","Liechtenstein"
"129","Lithuania"
"130","Luxembourg"
"131","Macao SAR China"
"132","Madagascar"
"133","Malawi"
"134","Malaysia"
"135","Maldives"
"136","Mali"
"137","Malta"
"138","Marshall Islands"
"139","Martinique"
"140","Mauritania"
"141","Mauritius"
"142","Mayotte"
"143","Mexico"
"144","Micronesia"
"145","Moldova"
"146","Monaco"
"147","Mongolia"
"148","Montenegro"
"149","Montserrat"
"150","Morocco"
"151","Mozambique"
"152","Myanmar (Burma)"
"153","Namibia"
"154","Nauru"
"155","Nepal"
"156","Netherlands"
"157","New Caledonia"
"158","New Zealand"
"159","Nicaragua"
"160","Niger"
"161","Nigeria"
"162","Niue"
"163","Norfolk Island"
"164","North Korea"
"165","North Macedonia"
"166","Northern Mariana Islands"
"167","Norway"
"168","Oman"
"169","Pakistan"
"170","Palau"
"171","Palestinian Territories"
"172","Panama"
"173","Papua New Guinea"
"174","Paraguay"
"175","Peru"
"176","Philippines"
"177","Pitcairn Islands"
"178","Poland"
"179","Portugal"
"180","Puerto Rico"
"181","Qatar"
"182","Réunion"
"183","Romania"
"184","Russia"
"185","Rwanda"
"186","Samoa"
"187","San Marino"
"188","São Tomé & Príncipe"
"189","Saudi Arabia"
"190","Senegal"
"191","Serbia"
"192","Seychelles"
"193","Sierra Leone"
"194","Singapore"
"195","Sint Maarten"
"196","Slovakia"
"197","Slovenia"
"198","Solomon Islands"
"199","Somalia"
"200","South Africa"
"201","South Georgia & South Sandwich Islands"
"202","South Korea"
"203","South Sudan"
"204","Spain"
"205","Sri Lanka"
"206","St. Barthélemy"
"207","St. Helena"
"208","St. Kitts & Nevis"
"209","St. Lucia"
"210","St. Martin"
"211","St. Pierre & Miquelon"
"212","St. Vincent & Grenadines"
"213","Sudan"
"214","Suriname"
"215","Svalbard & Jan Mayen"
"216","Sweden"
"217","Switzerland"
"218","Syria"
"219","Taiwan"
"220","Tajikistan"
"221","Tanzania"
"222","Thailand"
"223","Timor-Leste"
"224","Togo"
"225","Tokelau"
"226","Tonga"
"227","Trinidad & Tobago"
"228","Tunisia"
"229","Turkey"
"230","Turkmenistan"
"231","Turks & Caicos Islands"
"232","Tuvalu"
"233","U.S. Outlying Islands"
"234","U.S. Virgin Islands"
"235","Uganda"
"236","Ukraine"
"237","United Arab Emirates"
"238","United Kingdom"
"239","United States"
"240","Uruguay"
"241","Uzbekistan"
"242","Vanuatu"
"243","Vatican City"
"244","Venezuela"
"245","Vietnam"
"246","Wallis & Futuna"
"247","Western Sahara"
"248","Yemen"
"249","Zambia"
"250","Zimbabwe"
"id","state_name","city_name","pincode"
"1","ANDHRA PRADESH","Guntur","522102"
"2","ANDHRA PRADESH","Visakhapatnam","531022"
"3","ANDHRA PRADESH","East Godavari","533408"
"4","ANDHRA PRADESH","East Godavari","533449"
"5","ANDHRA PRADESH","Ananthapur","515004"
"6","ANDHRA PRADESH","Vizianagaram","535281"
"7","ANDHRA PRADESH","Vizianagaram","535218"
"8","ANDHRA PRADESH","Visakhapatnam","530003"
"9","ANDHRA PRADADESH","Visakhapatnam","531027"
"10","ANDHRA PRADESH","Cuddapah","516339"
"11","ANDHRA PRADESH","Prakasam","523171"
"12","ANDHRA PRADESH","Krishna","520003"
"13","ANDHRA PRADESH","Nellore","524002"
"14","ANDHRA PRADESH","K.V.Rangareddy","500030"
"15","ANDHRA PRADESH","West Godavari","534416"
"16","ANDHRA PRADESH","Kurnool","518467"
"17","ANDHRA PRADESH","West Godavari","534197"
"18","ANDHRA PRADESH","Hyderabad","500004"
"19","ANDHRA PRADESH","Hyderabad","500045"
"20","ANDHRA PRADESH","Medak","502032"
"21","ANDHRA PRADESH","Kurnool","518523"
"22","ANDHRA PRADESH","Krishna","521226"
"23","ANDHRA PRADESH","Karim Nagar","505215"
"24","ANDHRA PRADESH","Chittoor","517507"
"25","ANDHRA PRADESH","Krishna","520012"
"26","ANDHRA PRADESH","Krishna","520008"
"27","ANDHRA PRADESH","West Godavari","534456"
"28","ANDHRA PRADESH","Guntur","522004"
"29","ANDHRA PRADESH","West Godavari","534267"
"30","ANDHRA PRADESH","East Godavari","533577"
"31","ANDHRA PRADESH","Vizianagaram","535547"
"32","ANDHRA PRADESH","Warangal","506310"
"33","ANDHRA PRADESH","Karim Nagar","505208"
"34","ANDHRA PRADESH","Warangal","506144"
"35","ANDHRA PRADESH","Warangal","506315"
"36","ANDHRA PRADESH","Warangal","506343"
"37","ANDHRA PRADESH","Guntur","522237"
"38","ANDHRA PRADESH","Cuddapah","516270"
"39","ANDHRA PRADESH","Cuddapah","516269"
"40","ANDHRA PRADESH","Medak","502286"
"41","ANDHRA PRADESH","Guntur","522015"
"42","ANDHRA PRADESH","West Godavari","534266"
"43","ANDHRA PRADESH","Khammam","507316"
"44","ANDHRA PRADESH","Guntur","522402"
"45","ANDHRA PRADESH","Kurnool","518533"
"46","ANDHRA PRADESH","Kurnool","518123"
"47","ANDHRA PRADESH","Warangal","506145"
"48","ANDHRA PRADESH","Nizamabad","503245"
"49","ANDHRA PRADESH","Mahabub Nagar","509210"
"50","ANDHRA PRADESH","Khammam","507121"
"51","ANDHRA PRADESH","Adilabad","504273"
"52","ANDHRA PRADESH","Ananthapur","515621"
"53","ANDHRA PRADESH","Karim Nagar","505445"
"54","ANDHRA PRADESH","Nizamabad","503302"
"55","ANDHRA PRADESH","Mahabub Nagar","509375"
"56","ANDHRA PRADESH","Khammam","507160"
"57","ANDHRA PRADESH","Cuddapah","516421"
"58","ANDHRA PRADESH","Krishna","521333"
"59","ANDHRA PRADESH","Adilabad","504293"
"60","ANDHRA PRADESH","Ananthapur","515124"
"61","ANDHRA PRADESH","Visakhapatnam","531115"
"62","ANDHRA PRADESH","West Godavari","534449"
"63","ANDHRA PRADESH","Srikakulam","532403"
"64","ANDHRA PRADESH","Cuddapah","516150"
"65","ANDHRA PRADESH","Chittoor","517643"
"66","ANDHRA PRADESH","Chittoor","517643"
"67","ANDHRA PRADESH","Srikakulam","532440"
"68","ANDHRA PRADESH","Nalgonda","508207"
"69","ANDHRA PRADESH","Karim Nagar","505184"
"70","ANDHRA PRADESH","Chittoor","517425"
"71","ANDHRA PRADESH","Warangal","506169"
"72","ANDHRA PRADESH","Cuddapah","516215"
"73","ANDHRA PRADESH","West Godavari","534198"
"74","ANDHRA PRADESH","Chittoor","517592"
"75","ANDHRA PRADESH","Krishna","521212"
"76","ANDHRA PRADESH","West Godavari","534260"
"77","ANDHRA PRADESH","Karim Nagar","505184"
"78","ANDHRA PRADESH","Guntur","522262"
"79","ANDHRA PRADESH","Krishna","521390"
"80","ANDHRA PRADESH","Nalgonda","508277"
"81","ANDHRA PRADESH","Mahabub Nagar","509382"
"82","ANDHRA PRADESH","Cuddapah","516259"
"83","ANDHRA PRADESH","East Godavari","533252"
"84","ANDHRA PRADESH","East Godavari","533262"
"85","ANDHRA PRADESH","Prakasam","523201"
"86","ANDHRA PRADESH","Prakasam","523001"
"87","ANDHRA PRADESH","Vizianagaram","535501"
"88","ANDHRA PRADESH","East Godavari","533401"
"89","ANDHRA PRADESH","East Godavari","533428"
"90","ANDHRA PRADESH","Visakhapatnam","531077"
"91","ANDHRA PRADESH","Visakhapatnam","531035"
"92","ANDHRA PRADESH","Adilabad","504307"
"93","ANDHRA PRADESH","K.V.Rangareddy","501510"
"94","ANDHRA PRADESH","Guntur","522612"
"95","ANDHRA PRADESH","K.V.Rangareddy","501142"
"96","ANDHRA PRADESH","Adilabad","504001"
"97","ANDHRA PRADESH","Adilabad","504001"
"98","ANDHRA PRADESH","Chittoor","517403"
"99","ARUNACHAL PRADESH","Tawang","790104"
"100","ARUNACHAL PRADESH","West Kameng","790102"
"101","ARUNACHAL PRADESH","East Kameng","790103"
"102","ARUNACHAL PRADESH","Papum Pare","791111"
"103","ARUNACHAL PRADESH","Lower Subansiri","791119"
"104","ARUNACHAL PRADESH","Upper Subansiri","791122"
"105","ARUNACHAL PRADESH","East Siang","791101"
"106","ARUNACHAL PRADESH","West Siang","791001"
"107","ARUNACHAL PRADESH","Lower Dibang Valley","792110"
"108","ARUNACHAL PRADESH","Lohit","792001"
"109","ARUNACHAL PRADESH","Changlang","792120"
"110","ARUNACHAL PRADESH","Tirap","792129"
"111","ASSAM","Baksa","781316"
"112","ASSAM","Barpeta","781301"
"113","ASSAM","Biswanath","784176"
"114","ASSAM","Bongaigaon","783380"
"115","ASSAM","Cachar","788001"
"116","ASSAM","Charaideo","785689"
"117","ASSAM","Chirang","783393"
"118","ASSAM","Darrang","784125"
"119","ASSAM","Dhemaji","787057"
"120","ASSAM","Dhubri","783301"
"121","ASSAM","Dibrugarh","786001"
"122","ASSAM","Goalpara","783101"
"123","ASSAM","Golaghat","785621"
"124","ASSAM","Hailakandi","788151"
"125","ASSAM","Hojai","782435"
"126","ASSAM","Jorhat","785001"
"127","ASSAM","Kamrup","781001"
"128","ASSAM","Kamrup Metro","781005"
"129","ASSAM","Karbi Anglong","782460"
"130","ASSAM","Karimganj","788710"
"131","ASSAM","Kokrajhar","783370"
"132","ASSAM","Lakhimpur","787031"
"133","ASSAM","Majuli","785104"
"134","ASSAM","Morigaon","782105"
"135","ASSAM","Nagaon","782001"
"136","ASSAM","Nalbari","781335"
"137","ASSAM","Sivasagar","785640"
"138","ASSAM","Sonitpur","784001"
"139","ASSAM","South Salmara","783135"
"140","ASSAM","Tinsukia","786125"
"141","ASSAM","Udalguri","784509"
"142","ASSAM","West Karbi Anglong","782481"
"143","BIHAR","Araria","854311"
"144","BIHAR","Arwal","804401"
"145","BIHAR","Aurangabad","824101"
"146","BIHAR","Banka","813102"
"147","BIHAR","Begusarai","851101"
"148","BIHAR","Bhagalpur","812001"
"149","BIHAR","Bhojpur","802301"
"150","BIHAR","Buxar","802101"
"151","BIHAR","Darbhanga","846004"
"152","BIHAR","East Champaran","845401"
"153","BIHAR","Gaya","823001"
"154","BIHAR","Gopalganj","841428"
"155","BIHAR","Jamui","811307"
"156","BIHAR","Jehanabad","804408"
"157","BIHAR","Kaimur","821101"
"158","BIHAR","Katihar","854105"
"159","BIHAR","Khagaria","851204"
"160","BIHAR","Kishanganj","855107"
"161","BIHAR","Lakhisarai","811311"
"162","BIHAR","Madhepura","852113"
"163","BIHAR","Madhubani","847211"
"164","BIHAR","Munger","811201"
"165","BIHAR","Muzaffarpur","842001"
"166","BIHAR","Nalanda","803101"
"167","BIHAR","Nawada","805110"
"168","BIHAR","Patna","800001"
"169","BIHAR","Purnia","854301"
"170","BIHAR","Rohtas","821305"
"171","BIHAR","Saharsa","852201"
"172","BIHAR","Samastipur","848101"
"173","BIHAR","Saran","841301"
"174","BIHAR","Sheikhpura","811105"
"175","BIHAR","Sheohar","843329"
"176","BIHAR","Sitamarhi","843301"
"177","BIHAR","Siwan","841226"
"178","BIHAR","Supaul","852131"
"179","BIHAR","Vaishali","844101"
"180","BIHAR","West Champaran","845438"
"181","CHHATTISGARH","Balod","491001"
"182","CHHATTISGARH","Baloda Bazar","493332"
"183","CHHATTISGARH","Balrampur","497119"
"184","CHHATTISGARH","Bastar","494001"
"185","CHHATTISGARH","Bemetara","491335"
"186","CHHATTISGARH","Bijapur","494444"
"187","CHHATTISGARH","Bilaspur","495001"
"188","CHHATTISGARH","Dantewada","494449"
"189","CHHATTISGARH","Dhamtari","493773"
"190","CHHATTISGARH","Durg","491001"
"191","CHHATTISGARH","Gariaband","493889"
"192","CHHATTISGARH","Janjgir-Champa","495669"
"193","CHHATTISGARH","Jashpur","496331"
"194","CHHATTISGARH","Kabirdham","491559"
"195","CHHATTISGARH","Kanker","494334"
"196","CHHATTISGARH","Kawardha","491995"
"197","CHHATTISGARH","Korba","495677"
"198","CHHATTISGARH","Korea","497445"
"199","CHHATTISGARH","Mahasamund","493445"
"200","CHHATTISGARH","Mungeli","495334"
"201","CHHATTISGARH","Narayanpur","494332"
"202","CHHATTISGARH","Raigarh","496001"
"203","CHHATTISGARH","Raipur","492001"
"204","CHHATTISGARH","Rajnandgaon","491441"
"205","CHHATTISGARH","Sukma","494111"
"206","CHHATTISGARH","Surajpur","497226"
"207","CHHATTISGARH","Surguja","497001"
"208","GOA","North Goa","403001"
"209","GOA","South Goa","403702"
"210","GUJARAT","Ahmedabad","380001"
"211","GUJARAT","Amreli","365601"
"212","GUJARAT","Anand","388001"
"213","GUJARAT","Aravalli","383310"
"214","GUJARAT","Banaskantha","385001"
"215","GUJARAT","Bharuch","392001"
"216","GUJARAT","Bhavnagar","364001"
"217","GUJARAT","Botad","364710"
"218","GUJARAT","Chhota Udaipur","391165"
"219","GUJARAT","Dahod","389151"
"220","GUJARAT","Dang","394710"
"221","GUJARAT","Gandhinagar","382010"
"222","GUJARAT","Gir Somnath","362260"
"223","GUJARAT","Jamnagar","361001"
"224","GUJARAT","Junagadh","362001"
"225","GUJARAT","Kheda","387001"
"226","GUJARAT","Kutch","370001"
"227","GUJARAT","Mahisagar","389230"
"228","GUJARAT","Mehsana","384001"
"229","GUJARAT","Morbi","363641"
"230","GUJARAT","Narmada","393110"
"231","GUJARAT","Navsari","396445"
"232","GUJARAT","Panchmahal","389001"
"233","GUJARAT","Patan","384265"
"234","GUJARAT","Porbandar","360575"
"235","GUJARAT","Rajkot","360001"
"236","GUJARAT","Sabarkantha","383001"
"237","GUJARAT","Surat","395001"
"238","GUJARAT","Surendranagar","363001"
"239","GUJARAT","Tapi","394650"
"240","GUJARAT","Vadodara","390001"
"241","GUJARAT","Valsad","396001"
"242","HARYANA","Ambala","134003"
"243","HARYANA","Bhiwani","127021"
"244","HARYANA","Charkhi Dadri","127306"
"245","HARYANA","Faridabad","121001"
"246","HARYANA","Fatehabad","125050"
"247","HARYANA","Gurugram","122001"
"248","HARYANA","Hisar","125001"
"249","HARYANA","Jhajjar","124103"
"250","HARYANA","Jind","126102"
"251","HARYANA","Kaithal","136027"
"252","HARYANA","Karnal","132001"
"253","HARYANA","Kurukshetra","136118"
"254","HARYANA","Mahendragarh","123029"
"255","HARYANA","Mewat (Nuh)","122107"
"256","HARYANA","Palwal","121102"
"257","HARYANA","Panchkula","134109"
"258","HARYANA","Panipat","132103"
"259","HARYANA","Rewari","123401"
"260","HARYANA","Rohtak","124001"
"261","HARYANA","Sirsa","125055"
"262","HARYANA","Sonipat","131001"
"263","HARYANA","Yamunanagar","135001"
"264","HIMACHAL PRADESH","Bilaspur","174001"
"265","HIMACHAL PRADESH","Chamba","176310"
"266","HIMACHAL PRADESH","Hamirpur","177001"
"267","HIMACHAL PRADESH","Kangra","176001"
"268","HIMACHAL PRADESH","Kinnaur","172106"
"269","HIMACHAL PRADESH","Kullu","175101"
"270","HIMACHAL PRADESH","Lahaul & Spiti","175132"
"271","HIMACHAL PRADESH","Mandi","175001"
"272","HIMACHAL PRADESH","Shimla","171001"
"273","HIMACHAL PRADESH","Sirmaur","173001"
"274","HIMACHAL PRADESH","Solan","173212"
"275","HIMACHAL PRADESH","Una","174303"
"276","JHARKHAND","Bokaro","827001"
"277","JHARKHAND","Chatra","825401"
"278","JHARKHAND","Deoghar","814112"
"279","JHARKHAND","Dhanbad","826001"
"280","JHARKHAND","Dumka","814101"
"281","JHARKHAND","East Singhbhum","831001"
"282","JHARKHAND","Garhwa","822114"
"283","JHARKHAND","Giridih","815301"
"284","JHARKHAND","Godda","814133"
"285","JHARKHAND","Gumla","835207"
"286","JHARKHAND","Hazaribagh","825301"
"287","JHARKHAND","Jamtara","815351"
"288","JHARKHAND","Khunti","835210"
"289","JHARKHAND","Koderma","825409"
"290","JHARKHAND","Latehar","829206"
"291","JHARKHAND","Lohardaga","835302"
"292","JHARKHAND","Pakur","816101"
"293","JHARKHAND","Palamu","822101"
"294","JHARKHAND","Ramgarh","829122"
"295","JHARKHAND","Ranchi","834001"
"296","JHARKHAND","Sahibganj","816109"
"297","JHARKHAND","Saraikela Kharsawan","832401"
"298","JHARKHAND","Simdega","835226"
"299","JHARKHAND","West Singhbhum","833201"
"300","KARNATAKA","Bagalkot","587101"
"301","KARNATAKA","Bangalore Rural","561203"
"302","KARNATAKA","Bangalore Urban","560001"
"303","KARNATAKA","Belagavi","590001"
"304","KARNATAKA","Ballari","583101"
"305","KARNATAKA","Bidar","585401"
"306","KARNATAKA","Chamarajanagar","571313"
"307","KARNATAKA","Chikballapur","562101"
"308","KARNATAKA","Chikkamagaluru","577101"
"309","KARNATAKA","Chitradurga","577501"
"310","KARNATAKA","Dakshina Kannada","575001"
"311","KARNATAKA","Davanagere","577002"
"312","KARNATAKA","Dharwad","580001"
"313","KARNATAKA","Gadag","582101"
"314","KARNATAKA","Hassan","573201"
"315","KARNATAKA","Haveri","581110"
"316","KARNATAKA","Kalaburagi","585101"
"317","KARNATAKA","Kodagu","571201"
"318","KARNATAKA","Kolar","563101"
"319","KARNATAKA","Koppal","583231"
"320","KARNATAKA","Mandya","571401"
"321","KARNATAKA","Mysuru","570001"
"322","KARNATAKA","Raichur","584101"
"323","KARNATAKA","Ramanagara","562159"
"324","KARNATAKA","Shivamogga","577201"
"325","KARNATAKA","Tumakuru","572101"
"326","KARNATAKA","Udupi","576101"
"327","KARNATAKA","Uttara Kannada","581301"
"328","KARNATAKA","Vijayapura","586101"
"329","KARNATAKA","Yadgir","585202"
"330","KERALA","Alappuzha","688001"
"331","KERALA","Ernakulam","682001"
"332","KERALA","Idukki","685601"
"333","KERALA","Kannur","670001"
"334","KERALA","Kasaragod","671121"
"335","KERALA","Kollam","691001"
"336","KERALA","Kottayam","686001"
"337","KERALA","Kozhikode","673001"
"338","KERALA","Malappuram","676505"
"339","KERALA","Palakkad","678001"
"340","KERALA","Pathanamthitta","689645"
"341","KERALA","Thiruvananthapuram","695001"
"342","KERALA","Thrissur","680001"
"343","KERALA","Wayanad","673121"
"344","MADHYA PRADESH","Agar Malwa","465110"
"345","MADHYA PRADESH","Alirajpur","457887"
"346","MADHYA PRADESH","Anuppur","484224"
"347","MADHYA PRADESH","Ashoknagar","473331"
"348","MADHYA PRADESH","Balaghat","481001"
"349","MADHYA PRADESH","Barwani","451001"
"350","MADHYA PRADESH","Betul","460001"
"351","MADHYA PRADESH","Bhind","477001"
"352","MADHYA PRADESH","Bhopal","462001"
"353","MADHYA PRADESH","Burhanpur","450331"
"354","MADHYA PRADESH","Chhatarpur","471001"
"355","MADHYA PRADESH","Chhindwara","480001"
"356","MADHYA PRADESH","Damoh","470661"
"357","MADHYA PRADESH","Datia","475661"
"358","MADHYA PRADESH","Dewas","455001"
"359","MADHYA PRADESH","Dhar","454001"
"360","MADHYA PRADESH","Dindori","481887"
"361","MADHYA PRADESH","Guna","473001"
"362","MADHYA PRADESH","Gwalior","474001"
"363","MADHYA PRADESH","Harda","461331"
"364","MADHYA PRADESH","Hoshangabad","461001"
"365","MADHYA PRADESH","Indore","452001"
"366","MADHYA PRADESH","Jabalpur","482001"
"367","MADHYA PRADESH","Jhabua","457661"
"368","MADHYA PRADESH","Katni","483501"
"369","MADHYA PRADESH","Khandwa","450001"
"370","MADHYA PRADESH","Khargone","451001"
"371","MADHYA PRADESH","Mandla","481661"
"372","MADHYA PRADESH","Mandsaur","458001"
"373","MADHYA PRADESH","Morena","476001"
"374","MADHYA PRADESH","Narsinghpur","487001"
"375","MADHYA PRADESH","Neemuch","458441"
"376","MADHYA PRADESH","Panna","488001"
"377","MADHYA PRADESH","Raisen","464001"
"378","MADHYA PRADESH","Rajgarh","465661"
"379","MADHYA PRADESH","Ratlam","457001"
"380","MADHYA PRADESH","Rewa","486001"
"381","MADHYA PRADESH","Sagar","470001"
"382","MADHYA PRADESH","Satna","485001"
"383","MADHYA PRADESH","Sehore","466001"
"384","MADHYA PRADESH","Seoni","480661"
"385","MADHYA PRADESH","Shahdol","484001"
"386","MADHYA PRADESH","Shajapur","465001"
"387","MADHYA PRADESH","Sheopur","476337"
"388","MADHYA PRADESH","Shivpuri","473551"
"389","MADHYA PRADESH","Sidhi","486661"
"390","MADHYA PRADESH","Singrauli","486889"
"391","MADHYA PRADESH","Tikamgarh","472001"
"392","MADHYA PRADESH","Ujjain","456001"
"393","MADHYA PRADESH","Umaria","484661"
"394","MADHYA PRADESH","Vidisha","464001"
"395","MAHARASHTRA","Ahmednagar","414001"
"396","MAHARASHTRA","Akola","444001"
"397","MAHARASHTRA","Amravati","444601"
"398","MAHARASHTRA","Aurangabad","431001"
"399","MAHARASHTRA","Beed","431122"
"400","MAHARASHTRA","Bhandara","441904"
"401","MAHARASHTRA","Buldhana","443001"
"402","MAHARASHTRA","Chandrapur","442401"
"403","MAHARASHTRA","Dhule","424001"
"404","MAHARASHTRA","Gadchiroli","442605"
"405","MAHARASHTRA","Gondia","441601"
"406","MAHARASHTRA","Hingoli","431513"
"407","MAHARASHTRA","Jalgaon","425001"
"408","MAHARASHTRA","Jalna","431203"
"409","MAHARASHTRA","Kolhapur","416001"
"410","MAHARASHTRA","Latur","413512"
"411","MAHARASHTRA","Mumbai City","400001"
"412","MAHARASHTRA","Mumbai Suburban","400001"
"413","MAHARASHTRA","Nagpur","440001"
"414","MAHARASHTRA","Nanded","431601"
"415","MAHARASHTRA","Nandurbar","425412"
"416","MAHARASHTRA","Nashik","422001"
"417","MAHARASHTRA","Osmanabad","413501"
"418","MAHARASHTRA","Palghar","401404"
"419","MAHARASHTRA","Parbhani","431401"
"420","MAHARASHTRA","Pune","411001"
"421","MAHARASHTRA","Raigad","402201"
"422","MAHARASHTRA","Ratnagiri","415639"
"423","MAHARASHTRA","Sangli","416416"
"424","MAHARASHTRA","Satara","415001"
"425","MAHARASHTRA","Sindhudurg","416611"
"426","MAHARASHTRA","Solapur","413001"
"427","MAHARASHTRA","Thane","400601"
"428","MAHARASHTRA","Wardha","442001"
"429","MAHARASHTRA","Washim","444505"
"430","MAHARASHTRA","Yavatmal","445001"
"431","MANIPUR","Bishnupur","795126"
"432","MANIPUR","Chandel","795131"
"433","MANIPUR","Churachandpur","795128"
"434","MANIPUR","Imphal East","795001"
"435","MANIPUR","Imphal West","795001"
"436","MANIPUR","Jiribam","795106"
"437","MANIPUR","Kakching","795103"
"438","MANIPUR","Kamjong","795145"
"439","MANIPUR","Kangpokpi","795129"
"440","MANIPUR","Noney","795159"
"441","MANIPUR","Pherzawl","795156"
"442","MANIPUR","Senapati","795015"
"443","MANIPUR","Tamenglong","795141"
"444","MANIPUR","Tengnoupal","795136"
"445","MANIPUR","Thoubal","795138"
"446","MANIPUR","Ukhrul","795142"
"447","MEGHALAYA","East Garo Hills","794001"
"448","MEGHALAYA","East Jaintia Hills","793108"
"449","MEGHALAYA","East Khasi Hills","793001"
"450","MEGHALAYA","North Garo Hills","794115"
"451","MEGHALAYA","Ri Bhoi","793101"
"452","MEGHALAYA","South Garo Hills","794111"
"453","MEGHALAYA","South West Garo Hills","794115"
"454","MEGHALAYA","South West Khasi Hills","793109"
"455","MEGHALAYA","West Garo Hills","794001"
"456","MEGHALAYA","West Jaintia Hills","793109"
"457","MEGHALAYA","West Khasi Hills","793113"
"458","NAGALAND","Dimapur","797112"
"459","NAGALAND","Kohima","797001"
"460","NAGALAND","Mokokchung","798601"
"461","NAGALAND","Mon","798620"
"462","NAGALAND","Peren","797101"
"463","NAGALAND","Phek","797107"
"464","NAGALAND","Tuensang","798623"
"465","NAGALAND","Wokha","797111"
"466","NAGALAND","Zunheboto","798620"
"467","PUNJAB","Amritsar","143001"
"468","PUNJAB","Barnala","148101"
"469","PUNJAB","Bathinda","151001"
"470","PUNJAB","Faridkot","151203"
"471","PUNJAB","Fatehgarh Sahib","140406"
"472","PUNJAB","Fazilka","152123"
"473","PUNJAB","Firozpur","152001"
"474","PUNJAB","Gurdaspur","143521"
"475","PUNJAB","Hoshiarpur","146001"
"476","PUNJAB","Jalandhar","144001"
"477","PUNJAB","Kapurthala","144601"
"478","PUNJAB","Ludhiana","141001"
"479","PUNJAB","Mansa","151505"
"480","PUNJAB","Moga","142001"
"481","PUNJAB","Muktsar","152026"
"482","PUNJAB","Nawanshahr (Shahid Bhagat Sing","144514"
"483","PUNJAB","Pathankot","145001"
"484","PUNJAB","Patiala","147001"
"485","PUNJAB","Rupnagar","140001"
"486","PUNJAB","S.A.S. Nagar (Mohali)","160059"
"487","PUNJAB","Sangrur","148001"
"488","PUNJAB","Tarn Taran","143412"
"489","RAJASTHAN","Ajmer","305001"
"490","RAJASTHAN","Alwar","301001"
"491","RAJASTHAN","Banswara","327001"
"492","RAJASTHAN","Baran","325205"
"493","RAJASTHAN","Barmer","344001"
"494","RAJASTHAN","Bharatpur","321001"
"495","RAJASTHAN","Bhilwara","311001"
"496","RAJASTHAN","Bikaner","334001"
"497","RAJASTHAN","Bundi","323001"
"498","RAJASTHAN","Chittorgarh","312001"
"499","RAJASTHAN","Churu","331001"
"500","RAJASTHAN","Dausa","303303"
"501","RAJASTHAN","Dholpur","328001"
"502","RAJASTHAN","Dungarpur","314001"
"503","RAJASTHAN","Hanumangarh","335512"
"504","RAJASTHAN","Jaipur","302001"
"505","RAJASTHAN","Jaisalmer","345001"
"506","RAJASTHAN","Jalor","343001"
"507","RAJASTHAN","Jhalawar","326001"
"508","RAJASTHAN","Jhunjhunu","333001"
"509","RAJASTHAN","Jodhpur","342001"
"510","RAJASTHAN","Karauli","322241"
"511","RAJASTHAN","Kota","324001"
"512","RAJASTHAN","Nagaur","341001"
"513","RAJASTHAN","Pali","306401"
"514","RAJASTHAN","Pratapgarh","312605"
"515","RAJASTHAN","Rajsamand","313324"
"516","RAJASTHAN","Sawai Madhopur","322001"
"517","RAJASTHAN","Sikar","332001"
"518","RAJASTHAN","Sirohi","307001"
"519","RAJASTHAN","Tonk","304001"
"520","RAJASTHAN","Udaipur","313001"
"id","state_name"
"1","Andhra Pradesh"
"2","Arunachal Pradesh"
"3","Assam"
"4","Bihar"
"5","Chhattisgarh"
"6","Goa"
"7","Gujarat"
"8","Haryana"
"9","Himachal Pradesh"
"10","Jammu and Kashmir"
"11","Jharkhand"
"12","Karnataka"
"13","Kerala"
"14","Madhya Pradesh"
"15","Maharashtra"
"16","Manipur"
"17","Meghalaya"
"18","Mizoram"
"19","Nagaland"
"20","Odisha"
"21","Punjab"
"22","Rajasthan"
"23","Sikkim"
"24","Tamil Nadu"
"25","Telangana"
"26","Tripura"
"27","Uttar Pradesh"
"28","Uttarakhand"
"29","West Bengal"
